<?xml version="1.0" encoding="UTF-8"?>
<project-private xmlns="http://www.netbeans.org/ns/project-private/1">
    <editor-bookmarks xmlns="http://www.netbeans.org/ns/editor-bookmarks/2" lastBookmarkId="0"/>
    <open-files xmlns="http://www.netbeans.org/ns/projectui-open-files/2">
        <group>
            <file>file:/E:/Yaarian/PROGRAMING/JAVA%20Docs/JAVA-DOCUMENTS/JAVA%20projects/Tempertature_Convertion_tool/src/Main.java</file>
            <file>file:/E:/Yaarian/PROGRAMING/JAVA%20Docs/JAVA-DOCUMENTS/JAVA%20projects/Tempertature_Convertion_tool/src/Utility.java</file>
            <file>file:/E:/Yaarian/PROGRAMING/JAVA%20Docs/JAVA-DOCUMENTS/JAVA%20projects/Tempertature_Convertion_tool/src/Converter.java</file>
        </group>
    </open-files>
</project-private>
